fault,seed_id,raw_alarm_s,can_alarm_s,latency_diff_s,raw_classification,can_classification,classification_match,anomaly_agreement,mean_residual_mae_sigma,rul_difference_min
cooling,625,3070.0,3070.0,0.0,cooling,cooling,True,True,0.026661184599854323,0.0042623074388491965
cooling,626,3050.0,3050.0,0.0,cooling,cooling,True,True,0.02664637212126651,0.0025361085751058
cooling,627,3070.0,3070.0,0.0,cooling,cooling,True,True,0.026603960773421545,0.01692873391667528
cooling,628,3140.0,3140.0,0.0,cooling,cooling,True,True,0.02664105507955144,0.03248229634948719
cooling,629,3130.0,3130.0,0.0,cooling,cooling,True,True,0.02673192057596517,0.01212154178616629
oil_pressure,650,3040.0,3040.0,0.0,oil_pressure,oil_pressure,True,True,0.02673325455384068,0.0022639144968555533
oil_pressure,651,3040.0,3040.0,0.0,oil_pressure,oil_pressure,True,True,0.02665855999905368,0.0020894232158402324
oil_pressure,652,3040.0,3040.0,0.0,oil_pressure,oil_pressure,True,True,0.026685983200176885,0.0021092423523773125
oil_pressure,653,3060.0,3060.0,0.0,oil_pressure,oil_pressure,True,True,0.026743530686695917,8.376120109024518e-05
oil_pressure,654,3060.0,3060.0,0.0,oil_pressure,oil_pressure,True,True,0.026592052748200017,0.0005288848879890414
misfire,625,3110.0,3110.0,0.0,misfire,misfire,True,True,0.026688577650143836,0.004334481114257945
misfire,626,3080.0,3080.0,0.0,misfire,misfire,True,True,0.02667178427741027,0.00022771468615777243
misfire,627,3110.0,3110.0,0.0,misfire,misfire,True,True,0.026839450753282625,0.0005968056479029352
misfire,628,3060.0,3060.0,0.0,misfire,misfire,True,True,0.0265929040097551,0.0007784325945484246
misfire,629,3110.0,3110.0,0.0,misfire,misfire,True,True,0.026697733242462277,0.0013518414750592455
fuel_system,645,3470.0,3470.0,0.0,fuel_system,fuel_system,True,True,0.026569930066618643,0.023540136395013178
fuel_system,646,3450.0,3450.0,0.0,fuel_system,fuel_system,True,True,0.026500718801876037,0.02329286317976198
fuel_system,647,3460.0,3460.0,0.0,fuel_system,fuel_system,True,True,0.026647259636102143,0.027107926481187407
fuel_system,648,3450.0,3450.0,0.0,fuel_system,fuel_system,True,True,0.026569967326886372,0.002425096264998198
fuel_system,649,3470.0,3470.0,0.0,fuel_system,fuel_system,True,True,0.026496914360578223,0.02506808078219554
sensor_drift,650,3210.0,3210.0,0.0,sensor_drift,sensor_drift,True,True,0.026734453277166736,0.0009392768020404674
sensor_drift,651,3440.0,3440.0,0.0,sensor_drift,sensor_drift,True,True,0.026663182865882495,0.00794124953986189
sensor_drift,652,3460.0,3460.0,0.0,sensor_drift,sensor_drift,True,True,0.026685353520612833,0.010549104138982556
sensor_drift,653,3070.0,3070.0,0.0,sensor_drift,sensor_drift,True,True,0.026733045517108457,0.013980203042670307
sensor_drift,654,3460.0,3460.0,0.0,sensor_drift,sensor_drift,True,True,0.026578233242301408,0.004485181418425554
overheat,630,3250.0,3250.0,0.0,overheat,overheat,True,True,0.026466656345429603,0.016474541523981163
overheat,631,3230.0,3230.0,0.0,overheat,overheat,True,True,0.02689612038153889,0.018980391964566933
overheat,632,3130.0,3130.0,0.0,overheat,overheat,True,True,0.026599936642972166,0.015087622300427483
overheat,633,3090.0,3090.0,0.0,overheat,overheat,True,True,0.026685889520745878,0.012763065735149818
overheat,634,3210.0,3210.0,0.0,overheat,overheat,True,True,0.02680341344355844,0.0004256733425999452
injector_fault,660,3310.0,3310.0,0.0,injector_fault,injector_fault,True,True,0.026583511831170532,0.07883446632695458
injector_fault,661,3280.0,3280.0,0.0,injector_fault,injector_fault,True,True,0.026549305275913468,0.05446349257710494
injector_fault,662,3300.0,3300.0,0.0,injector_fault,injector_fault,True,True,0.026630905833633395,0.07515396788841713
injector_fault,663,3280.0,3280.0,0.0,injector_fault,injector_fault,True,True,0.0264633821841098,0.012164027338940286
injector_fault,664,3200.0,3200.0,0.0,injector_fault,injector_fault,True,True,0.026943023422951684,0.07886948418934216
combustion_instability,700,3040.0,3040.0,0.0,combustion_instability,combustion_instability,True,True,0.026655580529509105,0.0005180372776825
combustion_instability,701,3090.0,3090.0,0.0,combustion_instability,combustion_instability,True,True,0.026775610289038316,0.0009050945922354003
combustion_instability,702,3030.0,3030.0,0.0,combustion_instability,combustion_instability,True,True,0.026494606582698473,0.0006433612472013313
combustion_instability,703,3050.0,3050.0,0.0,combustion_instability,combustion_instability,True,True,0.026626449491038415,0.0025225331661658857
combustion_instability,704,3050.0,3050.0,0.0,combustion_instability,combustion_instability,True,True,0.02666856425658916,0.002878330473257999
alternator_failure,680,3060.0,3060.0,0.0,alternator_failure,alternator_failure,True,True,0.02658261674583075,0.0013697559385927132
alternator_failure,681,3190.0,3190.0,0.0,alternator_failure,alternator_failure,True,True,0.02672303049003329,0.0016250780440770995
alternator_failure,682,3270.0,3270.0,0.0,alternator_failure,alternator_failure,True,True,0.026628588671747944,0.00138287104332638
alternator_failure,683,3270.0,3270.0,0.0,alternator_failure,alternator_failure,True,True,0.026521461476630797,0.001291258470939738
alternator_failure,684,3270.0,3270.0,0.0,alternator_failure,alternator_failure,True,True,0.026724120418717332,0.0011922403344328814
