mismatch_pct,healthy_false_alarms_per_hr,fault_detection_rate_pct,classification_accuracy_pct,macro_f1,mean_detection_latency_s
0.0,0.0,100.0,100.0,0.95,217.77777777777777
5.0,0.48006400853447123,100.0,77.77777777777779,0.7388888888888889,-127.77777777777777
-5.0,0.48006400853447123,100.0,88.88888888888889,0.8444444444444443,128.88888888888889
10.0,0.48006400853447123,100.0,55.55555555555556,0.5277777777777778,-650.0
-10.0,0.48006400853447123,100.0,77.77777777777779,0.7388888888888889,30.0
15.0,0.48006400853447123,100.0,33.33333333333333,0.3166666666666666,-1214.4444444444443
-15.0,0.48006400853447123,100.0,33.33333333333333,0.3166666666666666,-787.7777777777778
20.0,0.48006400853447123,100.0,0.0,0.0,-2097.777777777778
-20.0,0.48006400853447123,100.0,0.0,0.0,-1517.7777777777778
30.0,0.48006400853447123,100.0,11.11111111111111,0.10555555555555554,-2160.0
-30.0,0.48006400853447123,100.0,0.0,0.0,-1992.2222222222222
