fault,fault_injection_t_s,telemetry_generation_s,can_transport_latency_s,can_decode_latency_s,feature_window_accumulation_s,consecutive_confirmation_s,ai_algorithmic_detection_latency_s,total_diagnostic_latency_s
cooling,3000.0,1.0,0.1,0.01,60.0,50.0,89.89,90.0
oil_pressure,3000.0,1.0,0.1,0.01,60.0,50.0,49.89,50.0
misfire,3000.0,1.0,0.1,0.01,60.0,50.0,69.89,70.0
fuel_system,3000.0,1.0,0.1,0.01,60.0,50.0,269.89,270.0
sensor_drift,3000.0,1.0,0.1,0.01,60.0,50.0,129.89,130.0
overheat,3000.0,1.0,0.1,0.01,60.0,50.0,139.89,140.0
injector_fault,3000.0,1.0,0.1,0.01,60.0,50.0,309.89,310.0
combustion_instability,3000.0,1.0,0.1,0.01,60.0,50.0,79.89,80.0
alternator_failure,3000.0,1.0,0.1,0.01,60.0,50.0,89.89,90.0
