mismatch_pct,mismatch_gain,healthy_runs,false_alarms,false_alarm_rate_pct,false_alarms_per_hour,mean_min_anomaly_score,max_residual_sigma,responsible_channels,fault_detection_rate_pct,missed_detection_rate_pct,classification_accuracy_pct,mean_detection_latency_s
0.0,0.0,5,0,0.0,0.0,-0.009553063384491245,3.611053658558092,NONE,100.0,0.0,100.0,193.44444444444446
5.0,0.05,5,4,80.0,0.384051206827577,-0.06138388677905746,4.198404108004141,map;oil_p;oil_t,100.0,0.0,88.88888888888889,90.11111111111111
-5.0,-0.05,5,5,100.0,0.48006400853447123,-0.060706941413903204,4.022823129138923,cht;oil_p;oil_t,100.0,0.0,88.88888888888889,92.33333333333333
10.0,0.1,5,5,100.0,0.48006400853447123,-0.07338367695957385,5.080803739335678,cht;oil_p;oil_t,100.0,0.0,33.33333333333333,-342.1111111111111
-10.0,-0.1,5,5,100.0,0.48006400853447123,-0.07197544609316175,4.943972029160461,cht;oil_p;oil_t,100.0,0.0,55.55555555555556,-261.0
15.0,0.15,5,5,100.0,0.48006400853447123,-0.07338367695957385,5.992231674867896,cht;oil_p;oil_t,100.0,0.0,11.11111111111111,-827.6666666666666
-15.0,-0.15,5,5,100.0,0.48006400853447123,-0.07197544609316175,5.889424381505894,cht;oil_p;oil_t,100.0,0.0,44.44444444444444,-413.22222222222223
20.0,0.2,5,5,100.0,0.48006400853447123,-0.07338367695957385,6.9047850802546185,cht;oil_p;oil_t,100.0,0.0,0.0,-1139.888888888889
-20.0,-0.2,5,5,100.0,0.48006400853447123,-0.07197544609316175,6.834876733851337,cht;oil_p;oil_t,100.0,0.0,33.33333333333333,-724.3333333333334
30.0,0.3,5,5,100.0,0.48006400853447123,-0.07338367695957385,8.779589933883491,inj_timing;oil_p;oil_t,100.0,0.0,0.0,-1567.6666666666667
-30.0,-0.3,5,5,100.0,0.48006400853447123,-0.07275087241772915,8.7296500557753,cht;oil_p;oil_t,100.0,0.0,0.0,-1443.2222222222222
